gene	position	entropy
E	9	0.004
E	14	0.001
E	16	0.003
E	19	0.001
E	20	0.003
E	21	0.017
E	24	0.016
E	26	0.001
E	30	0.001
E	40	0.002
E	41	0.004
E	43	0.001
E	45	0.001
E	49	0.001
E	50	0.001
E	55	0.027
E	58	0.006
E	61	0.007
E	62	0.006
E	68	0.004
E	69	0.001
E	71	0.010
E	72	0.001
E	73	0.001
M	2	0.017
M	3	0.019
M	4	0.006
M	5	0.001
M	6	0.005
M	7	0.003
M	10	0.013
M	11	0.001
M	12	0.003
M	14	0.001
M	15	0.008
M	16	0.001
M	17	0.001
M	18	0.001
M	23	0.015
M	24	0.002
M	28	0.012
M	29	0.003
M	31	0.001
M	33	0.004
M	34	0.005
M	46	0.006
M	55	0.001
M	60	0.002
M	63	0.001
M	64	0.001
M	68	0.002
M	69	0.017
M	70	0.006
M	74	0.001
M	75	0.001
M	78	0.005
M	82	0.283
M	83	0.014
M	84	0.005
M	85	0.013
M	86	0.003
M	88	0.001
M	97	0.001
M	100	0.001
M	107	0.006
M	109	0.005
M	123	0.002
M	124	0.001
M	125	0.003
M	126	0.001
M	127	0.002
M	128	0.001
M	132	0.001
M	136	0.002
M	139	0.001
M	142	0.004
M	144	0.001
M	146	0.001
M	148	0.005
M	155	0.013
M	158	0.002
M	160	0.001
M	161	0.001
M	163	0.003
M	175	0.003
M	186	0.001
M	189	0.002
M	195	0.001
M	197	0.001
M	198	0.001
M	200	0.001
M	201	0.001
M	204	0.001
M	205	0.001
M	207	0.086
M	208	0.036
M	209	0.023
M	212	0.004
M	214	0.004
N	3	0.264
N	5	0.002
N	6	0.007
N	7	0.001
N	8	0.001
N	9	0.287
N	10	0.005
N	11	0.001
N	12	0.010
N	13	0.037
N	14	0.006
N	15	0.002
N	18	0.007
N	19	0.002
N	20	0.001
N	21	0.001
N	24	0.001
N	25	0.007
N	26	0.003
N	27	0.001
N	28	0.001
N	30	0.001
N	31	0.001
N	32	0.022
N	33	0.011
N	34	0.003
N	37	0.004
N	38	0.002
N	39	0.001
N	41	0.002
N	43	0.001
N	44	0.005
N	55	0.044
N	57	0.001
N	63	0.291
N	65	0.001
N	67	0.001
N	72	0.001
N	77	0.001
N	79	0.001
N	80	0.032
N	81	0.001
N	90	0.012
N	93	0.001
N	94	0.001
N	95	0.001
N	96	0.002
N	99	0.002
N	101	0.002
N	103	0.003
N	119	0.150
N	120	0.019
N	122	0.002
N	126	0.002
N	128	0.001
N	131	0.001
N	133	0.002
N	134	0.037
N	135	0.026
N	136	0.030
N	137	0.002
N	139	0.016
N	140	0.001
N	142	0.001
N	144	0.011
N	145	0.001
N	151	0.024
N	152	0.031
N	154	0.003
N	155	0.003
N	156	0.003
N	160	0.001
N	161	0.002
N	163	0.003
N	164	0.003
N	165	0.003
N	167	0.003
N	168	0.004
N	173	0.002
N	179	0.004
N	180	0.003
N	181	0.001
N	182	0.016
N	183	0.003
N	184	0.002
N	190	0.001
N	193	0.010
N	194	0.008
N	195	0.048
N	199	0.007
N	200	0.002
N	202	0.001
N	203	0.306
N	204	0.291
N	205	0.028
N	206	0.001
N	207	0.008
N	208	0.013
N	209	0.010
N	210	0.009
N	211	0.028
N	212	0.004
N	213	0.004
N	214	0.056
N	215	0.358
N	216	0.001
N	217	0.004
N	218	0.003
N	219	0.002
N	220	0.002
N	221	0.002
N	224	0.001
N	229	0.008
N	230	0.012
N	231	0.002
N	232	0.007
N	234	0.002
N	235	0.260
N	236	0.001
N	238	0.026
N	239	0.003
N	241	0.003
N	243	0.019
N	244	0.003
N	247	0.003
N	250	0.008
N	251	0.003
N	252	0.001
N	253	0.003
N	254	0.001
N	256	0.004
N	257	0.002
N	258	0.002
N	263	0.003
N	265	0.003
N	267	0.002
N	268	0.001
N	269	0.001
N	270	0.031
N	271	0.001
N	273	0.007
N	279	0.005
N	284	0.005
N	288	0.003
N	289	0.002
N	292	0.003
N	296	0.001
N	297	0.002
N	299	0.003
N	300	0.026
N	306	0.001
N	308	0.001
N	317	0.005
N	319	0.002
N	320	0.001
N	321	0.004
N	322	0.005
N	325	0.001
N	326	0.018
N	327	0.545
N	328	0.002
N	330	0.031
N	331	0.002
N	332	0.005
N	333	0.001
N	334	0.001
N	336	0.004
N	348	0.004
N	352	0.002
N	354	0.001
N	357	0.009
N	359	0.011
N	361	0.001
N	362	0.013
N	363	0.001
N	364	0.001
N	365	0.002
N	366	0.003
N	367	0.002
N	368	0.005
N	369	0.004
N	371	0.001
N	373	0.009
N	374	0.005
N	375	0.008
N	376	0.010
N	377	0.286
N	378	0.001
N	379	0.007
N	380	0.003
N	381	0.004
N	382	0.001
N	383	0.011
N	384	0.006
N	385	0.019
N	387	0.007
N	388	0.004
N	390	0.001
N	391	0.003
N	392	0.001
N	393	0.001
N	397	0.005
N	398	0.008
N	400	0.002
N	401	0.043
N	402	0.017
N	409	0.001
N	412	0.006
N	414	0.006
N	416	0.005
N	417	0.003
N	418	0.003
ORF1a	3	0.003
ORF1a	4	0.001
ORF1a	9	0.001
ORF1a	10	0.002
ORF1a	12	0.001
ORF1a	13	0.001
ORF1a	24	0.012
ORF1a	27	0.007
ORF1a	28	0.003
ORF1a	34	0.001
ORF1a	36	0.002
ORF1a	37	0.004
ORF1a	38	0.001
ORF1a	40	0.002
ORF1a	42	0.002
ORF1a	43	0.002
ORF1a	44	0.001
ORF1a	45	0.004
ORF1a	46	0.001
ORF1a	48	0.003
ORF1a	49	0.034
ORF1a	54	0.001
ORF1a	55	0.003
ORF1a	59	0.002
ORF1a	60	0.027
ORF1a	61	0.001
ORF1a	62	0.003
ORF1a	63	0.001
ORF1a	66	0.002
ORF1a	68	0.010
ORF1a	69	0.002
ORF1a	72	0.001
ORF1a	74	0.001
ORF1a	76	0.001
ORF1a	81	0.007
ORF1a	82	0.019
ORF1a	83	0.029
ORF1a	84	0.045
ORF1a	85	0.045
ORF1a	86	0.012
ORF1a	87	0.074
ORF1a	88	0.001
ORF1a	92	0.001
ORF1a	93	0.001
ORF1a	95	0.001
ORF1a	96	0.001
ORF1a	99	0.001
ORF1a	102	0.002
ORF1a	107	0.001
ORF1a	110	0.002
ORF1a	112	0.004
ORF1a	114	0.012
ORF1a	115	0.001
ORF1a	117	0.004
ORF1a	120	0.002
ORF1a	121	0.002
ORF1a	124	0.003
ORF1a	131	0.001
ORF1a	132	0.004
ORF1a	133	0.004
ORF1a	134	0.001
ORF1a	135	0.003
ORF1a	137	0.001
ORF1a	138	0.028
ORF1a	139	0.001
ORF1a	141	0.029
ORF1a	142	0.029
ORF1a	143	0.032
ORF1a	148	0.004
ORF1a	149	0.001
ORF1a	150	0.003
ORF1a	152	0.001
ORF1a	153	0.001
ORF1a	154	0.002
ORF1a	162	0.001
ORF1a	163	0.001
ORF1a	166	0.003
ORF1a	167	0.001
ORF1a	168	0.001
ORF1a	169	0.002
ORF1a	171	0.002
ORF1a	172	0.001
ORF1a	174	0.005
ORF1a	175	0.005
ORF1a	176	0.001
ORF1a	181	0.001
ORF1a	182	0.010
ORF1a	183	0.003
ORF1a	184	0.008
ORF1a	186	0.001
ORF1a	192	0.001
ORF1a	193	0.078
ORF1a	196	0.001
ORF1a	197	0.004
ORF1a	199	0.006
ORF1a	203	0.005
ORF1a	204	0.005
ORF1a	206	0.025
ORF1a	207	0.040
ORF1a	208	0.005
ORF1a	211	0.001
ORF1a	212	0.002
ORF1a	213	0.001
ORF1a	216	0.015
ORF1a	222	0.008
ORF1a	224	0.048
ORF1a	226	0.003
ORF1a	227	0.003
ORF1a	228	0.003
ORF1a	232	0.008
ORF1a	235	0.001
ORF1a	236	0.002
ORF1a	237	0.003
ORF1a	245	0.003
ORF1a	247	0.001
ORF1a	261	0.110
ORF1a	264	0.001
ORF1a	265	0.012
ORF1a	267	0.003
ORF1a	268	0.001
ORF1a	270	0.001
ORF1a	271	0.007
ORF1a	272	0.001
ORF1a	274	0.007
ORF1a	278	0.014
ORF1a	282	0.002
ORF1a	283	0.001
ORF1a	285	0.002
ORF1a	286	0.001
ORF1a	287	0.003
ORF1a	288	0.001
ORF1a	292	0.001
ORF1a	293	0.001
ORF1a	294	0.001
ORF1a	295	0.005
ORF1a	297	0.001
ORF1a	298	0.012
ORF1a	300	0.010
ORF1a	301	0.001
ORF1a	302	0.002
ORF1a	306	0.003
ORF1a	307	0.003
ORF1a	309	0.057
ORF1a	311	0.001
ORF1a	312	0.001
ORF1a	314	0.001
ORF1a	318	0.004
ORF1a	319	0.001
ORF1a	320	0.001
ORF1a	321	0.001
ORF1a	322	0.014
ORF1a	324	0.001
ORF1a	325	0.007
ORF1a	328	0.003
ORF1a	329	0.001
ORF1a	332	0.004
ORF1a	333	0.009
ORF1a	334	0.003
ORF1a	335	0.002
ORF1a	336	0.002
ORF1a	337	0.009
ORF1a	339	0.031
ORF1a	340	0.001
ORF1a	342	0.002
ORF1a	345	0.002
ORF1a	346	0.004
ORF1a	347	0.005
ORF1a	350	0.024
ORF1a	352	0.002
ORF1a	353	0.002
ORF1a	354	0.002
ORF1a	355	0.013
ORF1a	356	0.003
ORF1a	361	0.005
ORF1a	362	0.002
ORF1a	371	0.004
ORF1a	372	0.004
ORF1a	374	0.053
ORF1a	377	0.002
ORF1a	378	0.002
ORF1a	380	0.002
ORF1a	388	0.002
ORF1a	391	0.005
ORF1a	392	0.006
ORF1a	396	0.003
ORF1a	397	0.009
ORF1a	398	0.003
ORF1a	399	0.001
ORF1a	402	0.001
ORF1a	403	0.017
ORF1a	405	0.003
ORF1a	406	0.004
ORF1a	412	0.001
ORF1a	414	0.001
ORF1a	415	0.002
ORF1a	417	0.002
ORF1a	424	0.002
ORF1a	427	0.002
ORF1a	428	0.003
ORF1a	429	0.001
ORF1a	430	0.003
ORF1a	431	0.004
ORF1a	432	0.001
ORF1a	436	0.001
ORF1a	439	0.004
ORF1a	442	0.004
ORF1a	443	0.534
ORF1a	445	0.003
ORF1a	446	0.016
ORF1a	449	0.107
ORF1a	451	0.001
ORF1a	453	0.005
ORF1a	454	0.012
ORF1a	455	0.003
ORF1a	457	0.005
ORF1a	458	0.001
ORF1a	459	0.001
ORF1a	460	0.002
ORF1a	464	0.002
ORF1a	470	0.001
ORF1a	473	0.004
ORF1a	474	0.002
ORF1a	476	0.004
ORF1a	480	0.001
ORF1a	481	0.001
ORF1a	482	0.001
ORF1a	484	0.003
ORF1a	485	0.001
ORF1a	486	0.006
ORF1a	488	0.001
ORF1a	489	0.001
ORF1a	493	0.001
ORF1a	495	0.002
ORF1a	498	0.056
ORF1a	501	0.002
ORF1a	504	0.001
ORF1a	507	0.002
ORF1a	511	0.001
ORF1a	515	0.001
ORF1a	516	0.017
ORF1a	519	0.057
ORF1a	520	0.001
ORF1a	527	0.001
ORF1a	529	0.002
ORF1a	530	0.001
ORF1a	531	0.001
ORF1a	533	0.001
ORF1a	536	0.047
ORF1a	538	0.002
ORF1a	539	0.001
ORF1a	540	0.001
ORF1a	542	0.033
ORF1a	543	0.001
ORF1a	548	0.003
ORF1a	549	0.002
ORF1a	550	0.004
ORF1a	552	0.003
ORF1a	554	0.002
ORF1a	555	0.001
ORF1a	556	0.007
ORF1a	558	0.002
ORF1a	559	0.011
ORF1a	560	0.002
ORF1a	561	0.004
ORF1a	563	0.004
ORF1a	565	0.001
ORF1a	566	0.009
ORF1a	567	0.015
ORF1a	571	0.001
ORF1a	575	0.003
ORF1a	579	0.003
ORF1a	580	0.005
ORF1a	585	0.001
ORF1a	589	0.001
ORF1a	590	0.001
ORF1a	591	0.002
ORF1a	592	0.008
ORF1a	596	0.003
ORF1a	599	0.015
ORF1a	602	0.001
ORF1a	603	0.001
ORF1a	605	0.001
ORF1a	606	0.003
ORF1a	607	0.004
ORF1a	609	0.003
ORF1a	610	0.003
ORF1a	614	0.003
ORF1a	619	0.001
ORF1a	620	0.001
ORF1a	622	0.002
ORF1a	627	0.012
ORF1a	628	0.002
ORF1a	629	0.003
ORF1a	630	0.002
ORF1a	631	0.015
ORF1a	633	0.002
ORF1a	636	0.001
ORF1a	638	0.003
ORF1a	639	0.004
ORF1a	640	0.003
ORF1a	642	0.018
ORF1a	646	0.025
ORF1a	647	0.001
ORF1a	651	0.001
ORF1a	656	0.031
ORF1a	657	0.003
ORF1a	659	0.002
ORF1a	661	0.012
ORF1a	663	0.001
ORF1a	665	0.038
ORF1a	668	0.002
ORF1a	669	0.015
ORF1a	673	0.003
ORF1a	676	0.011
ORF1a	680	0.005
ORF1a	681	0.002
ORF1a	682	0.006
ORF1a	688	0.001
ORF1a	690	0.003
ORF1a	691	0.019
ORF1a	697	0.001
ORF1a	701	0.001
ORF1a	706	0.003
ORF1a	708	0.001
ORF1a	710	0.001
ORF1a	711	0.004
ORF1a	714	0.003
ORF1a	719	0.003
ORF1a	721	0.001
ORF1a	723	0.001
ORF1a	724	0.005
ORF1a	725	0.001
ORF1a	726	0.001
ORF1a	728	0.005
ORF1a	730	0.049
ORF1a	731	0.002
ORF1a	732	0.001
ORF1a	734	0.029
ORF1a	735	0.002
ORF1a	743	0.008
ORF1a	745	0.002
ORF1a	747	0.001
ORF1a	748	0.040
ORF1a	749	0.001
ORF1a	750	0.001
ORF1a	753	0.006
ORF1a	754	0.005
ORF1a	757	0.006
ORF1a	760	0.012
ORF1a	762	0.003
ORF1a	767	0.002
ORF1a	769	0.003
ORF1a	775	0.002
ORF1a	776	0.003
ORF1a	777	0.002
ORF1a	782	0.003
ORF1a	785	0.001
ORF1a	793	0.003
ORF1a	798	0.001
ORF1a	801	0.003
ORF1a	803	0.001
ORF1a	804	0.003
ORF1a	807	0.003
ORF1a	809	0.001
ORF1a	812	0.001
ORF1a	814	0.001
ORF1a	815	0.001
ORF1a	819	0.008
ORF1a	820	0.002
ORF1a	822	0.002
ORF1a	824	0.001
ORF1a	826	0.001
ORF1a	827	0.001
ORF1a	831	0.002
ORF1a	833	0.001
ORF1a	835	0.001
ORF1a	838	0.001
ORF1a	841	0.008
ORF1a	848	0.002
ORF1a	849	0.001
ORF1a	852	0.001
ORF1a	855	0.003
ORF1a	861	0.005
ORF1a	866	0.005
ORF1a	867	0.002
ORF1a	868	0.011
ORF1a	870	0.001
ORF1a	872	0.003
ORF1a	873	0.001
ORF1a	874	0.028
ORF1a	875	0.001
ORF1a	876	0.001
ORF1a	879	0.001
ORF1a	880	0.011
ORF1a	882	0.003
ORF1a	885	0.003
ORF1a	887	0.006
ORF1a	891	0.010
ORF1a	892	0.003
ORF1a	893	0.006
ORF1a	894	0.001
ORF1a	902	0.003
ORF1a	903	0.005
ORF1a	905	0.002
ORF1a	909	0.001
ORF1a	911	0.001
ORF1a	912	0.002
ORF1a	913	0.002
ORF1a	917	0.007
ORF1a	919	0.001
ORF1a	920	0.020
ORF1a	925	0.001
ORF1a	927	0.038
ORF1a	928	0.007
ORF1a	929	0.006
ORF1a	933	0.001
ORF1a	936	0.001
ORF1a	940	0.004
ORF1a	941	0.001
ORF1a	942	0.002
ORF1a	943	0.015
ORF1a	944	0.016
ORF1a	947	0.045
ORF1a	948	0.048
ORF1a	951	0.002
ORF1a	957	0.003
ORF1a	958	0.003
ORF1a	959	0.007
ORF1a	963	0.004
ORF1a	964	0.003
ORF1a	966	0.001
ORF1a	967	0.018
ORF1a	968	0.001
ORF1a	971	0.011
ORF1a	973	0.001
ORF1a	974	0.001
ORF1a	978	0.001
ORF1a	984	0.001
ORF1a	985	0.010
ORF1a	987	0.001
ORF1a	990	0.001
ORF1a	991	0.013
ORF1a	992	0.007
ORF1a	993	0.002
ORF1a	994	0.006
ORF1a	995	0.024
ORF1a	996	0.003
ORF1a	997	0.021
ORF1a	998	0.001
ORF1a	999	0.007
ORF1a	1000	0.003
ORF1a	1001	0.260
ORF1a	1002	0.001
ORF1a	1003	0.008
ORF1a	1004	0.001
ORF1a	1008	0.002
ORF1a	1010	0.007
ORF1a	1011	0.001
ORF1a	1013	0.001
ORF1a	1017	0.006
ORF1a	1018	0.005
ORF1a	1019	0.001
ORF1a	1021	0.003
ORF1a	1022	0.003
ORF1a	1024	0.002
ORF1a	1025	0.016
ORF1a	1026	0.002
ORF1a	1027	0.001
ORF1a	1029	0.002
ORF1a	1034	0.001
ORF1a	1035	0.002
ORF1a	1036	0.007
ORF1a	1041	0.001
ORF1a	1043	0.002
ORF1a	1046	0.001
ORF1a	1049	0.004
ORF1a	1050	0.001
ORF1a	1051	0.002
ORF1a	1054	0.009
ORF1a	1055	0.019
ORF1a	1056	0.010
ORF1a	1060	0.001
ORF1a	1061	0.001
ORF1a	1063	0.001
ORF1a	1066	0.001
ORF1a	1067	0.002
ORF1a	1069	0.003
ORF1a	1073	0.020
ORF1a	1074	0.001
ORF1a	1083	0.001
ORF1a	1084	0.001
ORF1a	1088	0.003
ORF1a	1091	0.014
ORF1a	1093	0.022
ORF1a	1095	0.004
ORF1a	1097	0.001
ORF1a	1100	0.045
ORF1a	1102	0.003
ORF1a	1103	0.001
ORF1a	1104	0.002
ORF1a	1105	0.001
ORF1a	1106	0.001
ORF1a	1108	0.001
ORF1a	1109	0.021
ORF1a	1114	0.003
ORF1a	1118	0.003
ORF1a	1119	0.007
ORF1a	1125	0.023
ORF1a	1126	0.001
ORF1a	1128	0.002
ORF1a	1129	0.001
ORF1a	1130	0.008
ORF1a	1131	0.001
ORF1a	1132	0.001
ORF1a	1133	0.001
ORF1a	1136	0.026
ORF1a	1140	0.001
ORF1a	1142	0.002
ORF1a	1143	0.008
ORF1a	1145	0.001
ORF1a	1147	0.002
ORF1a	1151	0.003
ORF1a	1152	0.007
ORF1a	1155	0.019
ORF1a	1156	0.001
ORF1a	1158	0.009
ORF1a	1160	0.006
ORF1a	1168	0.008
ORF1a	1169	0.032
ORF1a	1170	0.003
ORF1a	1171	0.004
ORF1a	1176	0.003
ORF1a	1177	0.002
ORF1a	1179	0.001
ORF1a	1182	0.002
ORF1a	1188	0.031
ORF1a	1190	0.001
ORF1a	1191	0.001
ORF1a	1193	0.001
ORF1a	1195	0.007
ORF1a	1196	0.002
ORF1a	1198	0.001
ORF1a	1199	0.001
ORF1a	1201	0.004
ORF1a	1202	0.012
ORF1a	1205	0.003
ORF1a	1207	0.025
ORF1a	1210	0.003
ORF1a	1211	0.002
ORF1a	1212	0.003
ORF1a	1213	0.001
ORF1a	1214	0.002
ORF1a	1216	0.005
ORF1a	1220	0.002
ORF1a	1221	0.003
ORF1a	1223	0.047
ORF1a	1228	0.006
ORF1a	1230	0.003
ORF1a	1232	0.001
ORF1a	1234	0.002
ORF1a	1236	0.007
ORF1a	1240	0.001
ORF1a	1241	0.004
ORF1a	1242	0.002
ORF1a	1244	0.002
ORF1a	1245	0.001
ORF1a	1246	0.003
ORF1a	1247	0.001
ORF1a	1249	0.003
ORF1a	1250	0.009
ORF1a	1264	0.001
ORF1a	1265	0.003
ORF1a	1269	0.003
ORF1a	1271	0.001
ORF1a	1272	0.003
ORF1a	1274	0.001
ORF1a	1277	0.001
ORF1a	1280	0.007
ORF1a	1282	0.006
ORF1a	1283	0.003
ORF1a	1284	0.011
ORF1a	1291	0.013
ORF1a	1295	0.017
ORF1a	1298	0.012
ORF1a	1301	0.002
ORF1a	1305	0.003
ORF1a	1306	0.353
ORF1a	1308	0.004
ORF1a	1312	0.005
ORF1a	1314	0.002
ORF1a	1319	0.002
ORF1a	1320	0.003
ORF1a	1321	0.003
ORF1a	1324	0.001
ORF1a	1326	0.001
ORF1a	1328	0.001
ORF1a	1334	0.001
ORF1a	1339	0.002
ORF1a	1340	0.001
ORF1a	1341	0.002
ORF1a	1344	0.001
ORF1a	1345	0.003
ORF1a	1346	0.001
ORF1a	1352	0.024
ORF1a	1354	0.001
ORF1a	1360	0.003
ORF1a	1361	0.003
ORF1a	1363	0.010
ORF1a	1378	0.005
ORF1a	1380	0.011
ORF1a	1381	0.001
ORF1a	1382	0.009
ORF1a	1386	0.001
ORF1a	1388	0.005
ORF1a	1395	0.007
ORF1a	1397	0.003
ORF1a	1400	0.003
ORF1a	1401	0.007
ORF1a	1404	0.004
ORF1a	1406	0.001
ORF1a	1413	0.004
ORF1a	1416	0.001
ORF1a	1420	0.001
ORF1a	1421	0.003
ORF1a	1429	0.001
ORF1a	1431	0.004
ORF1a	1435	0.003
ORF1a	1436	0.003
ORF1a	1437	0.001
ORF1a	1438	0.018
ORF1a	1442	0.001
ORF1a	1444	0.008
ORF1a	1448	0.001
ORF1a	1450	0.001
ORF1a	1458	0.003
ORF1a	1461	0.001
ORF1a	1464	0.001
ORF1a	1465	0.005
ORF1a	1468	0.009
ORF1a	1472	0.001
ORF1a	1473	0.006
ORF1a	1476	0.001
ORF1a	1478	0.053
ORF1a	1485	0.009
ORF1a	1490	0.002
ORF1a	1496	0.023
ORF1a	1497	0.001
ORF1a	1500	0.004
ORF1a	1507	0.001
ORF1a	1510	0.002
ORF1a	1511	0.001
ORF1a	1513	0.001
ORF1a	1515	0.003
ORF1a	1517	0.007
ORF1a	1521	0.003
ORF1a	1530	0.001
ORF1a	1538	0.016
ORF1a	1539	0.001
ORF1a	1541	0.004
ORF1a	1542	0.005
ORF1a	1543	0.039
ORF1a	1545	0.001
ORF1a	1547	0.003
ORF1a	1548	0.008
ORF1a	1550	0.003
ORF1a	1551	0.001
ORF1a	1554	0.003
ORF1a	1555	0.001
ORF1a	1556	0.001
ORF1a	1565	0.003
ORF1a	1566	0.001
ORF1a	1567	0.013
ORF1a	1572	0.001
ORF1a	1576	0.001
ORF1a	1577	0.001
ORF1a	1580	0.001
ORF1a	1583	0.002
ORF1a	1586	0.003
ORF1a	1587	0.011
ORF1a	1588	0.002
ORF1a	1591	0.002
ORF1a	1595	0.002
ORF1a	1596	0.001
ORF1a	1597	0.003
ORF1a	1599	0.001
ORF1a	1600	0.002
ORF1a	1618	0.001
ORF1a	1628	0.002
ORF1a	1631	0.006
ORF1a	1632	0.001
ORF1a	1633	0.007
ORF1a	1637	0.001
ORF1a	1638	0.004
ORF1a	1639	0.001
ORF1a	1640	0.145
ORF1a	1647	0.003
ORF1a	1655	0.015
ORF1a	1657	0.001
ORF1a	1659	0.003
ORF1a	1662	0.003
ORF1a	1663	0.001
ORF1a	1668	0.001
ORF1a	1670	0.015
ORF1a	1671	0.001
ORF1a	1678	0.001
ORF1a	1679	0.001
ORF1a	1680	0.001
ORF1a	1682	0.001
ORF1a	1683	0.011
ORF1a	1686	0.001
ORF1a	1687	0.001
ORF1a	1692	0.014
ORF1a	1693	0.001
ORF1a	1705	0.001
ORF1a	1708	0.261
ORF1a	1720	0.002
ORF1a	1724	0.103
ORF1a	1736	0.001
ORF1a	1737	0.001
ORF1a	1739	0.001
ORF1a	1742	0.003
ORF1a	1745	0.001
ORF1a	1747	0.004
ORF1a	1753	0.005
ORF1a	1754	0.218
ORF1a	1756	0.001
ORF1a	1760	0.002
ORF1a	1762	0.003
ORF1a	1763	0.011
ORF1a	1765	0.003
ORF1a	1769	0.002
ORF1a	1773	0.002
ORF1a	1781	0.002
ORF1a	1783	0.001
ORF1a	1785	0.001
ORF1a	1786	0.017
ORF1a	1788	0.004
ORF1a	1790	0.001
ORF1a	1792	0.001
ORF1a	1795	0.031
ORF1a	1799	0.001
ORF1a	1801	0.002
ORF1a	1805	0.001
ORF1a	1809	0.005
ORF1a	1810	0.005
ORF1a	1811	0.001
ORF1a	1812	0.003
ORF1a	1814	0.001
ORF1a	1818	0.015
ORF1a	1820	0.001
ORF1a	1822	0.021
ORF1a	1831	0.002
ORF1a	1833	0.001
ORF1a	1838	0.077
ORF1a	1840	0.012
ORF1a	1843	0.001
ORF1a	1848	0.001
ORF1a	1851	0.002
ORF1a	1853	0.004
ORF1a	1854	0.079
ORF1a	1856	0.001
ORF1a	1857	0.003
ORF1a	1859	0.001
ORF1a	1862	0.071
ORF1a	1871	0.001
ORF1a	1876	0.001
ORF1a	1877	0.001
ORF1a	1881	0.004
ORF1a	1887	0.001
ORF1a	1889	0.007
ORF1a	1893	0.001
ORF1a	1895	0.004
ORF1a	1896	0.001
ORF1a	1898	0.002
ORF1a	1903	0.002
ORF1a	1908	0.003
ORF1a	1909	0.004
ORF1a	1912	0.047
ORF1a	1915	0.007
ORF1a	1918	0.001
ORF1a	1920	0.004
ORF1a	1921	0.008
ORF1a	1922	0.003
ORF1a	1923	0.004
ORF1a	1924	0.001
ORF1a	1929	0.001
ORF1a	1933	0.001
ORF1a	1934	0.002
ORF1a	1935	0.002
ORF1a	1936	0.001
ORF1a	1938	0.005
ORF1a	1947	0.001
ORF1a	1950	0.024
ORF1a	1951	0.003
ORF1a	1954	0.001
ORF1a	1955	0.002
ORF1a	1974	0.001
ORF1a	1975	0.001
ORF1a	1976	0.002
ORF1a	1983	0.001
ORF1a	1991	0.002
ORF1a	1995	0.001
ORF1a	1996	0.001
ORF1a	1997	0.046
ORF1a	1998	0.001
ORF1a	2001	0.027
ORF1a	2002	0.001
ORF1a	2003	0.001
ORF1a	2005	0.002
ORF1a	2007	0.009
ORF1a	2010	0.001
ORF1a	2011	0.002
ORF1a	2014	0.005
ORF1a	2015	0.001
ORF1a	2016	0.002
ORF1a	2018	0.010
ORF1a	2019	0.004
ORF1a	2024	0.006
ORF1a	2026	0.002
ORF1a	2027	0.001
ORF1a	2029	0.004
ORF1a	2030	0.001
ORF1a	2031	0.001
ORF1a	2033	0.004
ORF1a	2034	0.271
ORF1a	2036	0.007
ORF1a	2037	0.001
ORF1a	2038	0.002
ORF1a	2040	0.001
ORF1a	2042	0.007
ORF1a	2043	0.001
ORF1a	2046	0.351
ORF1a	2047	0.001
ORF1a	2048	0.015
ORF1a	2049	0.003
ORF1a	2051	0.007
ORF1a	2052	0.003
ORF1a	2053	0.001
ORF1a	2055	0.001
ORF1a	2057	0.002
ORF1a	2060	0.007
ORF1a	2061	0.001
ORF1a	2062	0.012
ORF1a	2063	0.001
ORF1a	2068	0.001
ORF1a	2069	0.003
ORF1a	2071	0.003
ORF1a	2073	0.009
ORF1a	2075	0.003
ORF1a	2078	0.021
ORF1a	2080	0.001
ORF1a	2081	0.002
ORF1a	2087	0.006
ORF1a	2088	0.001
ORF1a	2089	0.003
ORF1a	2091	0.008
ORF1a	2092	0.021
ORF1a	2093	0.004
ORF1a	2094	0.002
ORF1a	2097	0.002
ORF1a	2098	0.003
ORF1a	2101	0.008
ORF1a	2102	0.001
ORF1a	2103	0.005
ORF1a	2105	0.001
ORF1a	2106	0.004
ORF1a	2109	0.003
ORF1a	2111	0.002
ORF1a	2114	0.005
ORF1a	2115	0.002
ORF1a	2121	0.011
ORF1a	2122	0.003
ORF1a	2123	0.012
ORF1a	2124	0.005
ORF1a	2125	0.011
ORF1a	2126	0.001
ORF1a	2128	0.001
ORF1a	2129	0.004
ORF1a	2130	0.001
ORF1a	2131	0.002
ORF1a	2132	0.004
ORF1a	2133	0.002
ORF1a	2134	0.002
ORF1a	2135	0.003
ORF1a	2136	0.032
ORF1a	2137	0.002
ORF1a	2138	0.004
ORF1a	2139	0.010
ORF1a	2143	0.004
ORF1a	2144	0.002
ORF1a	2146	0.003
ORF1a	2147	0.004
ORF1a	2148	0.001
ORF1a	2149	0.002
ORF1a	2150	0.003
ORF1a	2151	0.003
ORF1a	2153	0.003
ORF1a	2154	0.002
ORF1a	2156	0.006
ORF1a	2157	0.001
ORF1a	2159	0.013
ORF1a	2160	0.001
ORF1a	2162	0.006
ORF1a	2163	0.003
ORF1a	2166	0.003
ORF1a	2169	0.001
ORF1a	2174	0.001
ORF1a	2181	0.002
ORF1a	2183	0.014
ORF1a	2188	0.001
ORF1a	2191	0.001
ORF1a	2192	0.002
ORF1a	2193	0.041
ORF1a	2194	0.001
ORF1a	2200	0.012
ORF1a	2202	0.001
ORF1a	2206	0.001
ORF1a	2207	0.003
ORF1a	2210	0.001
ORF1a	2211	0.001
ORF1a	2221	0.003
ORF1a	2224	0.051
ORF1a	2227	0.001
ORF1a	2230	0.261
ORF1a	2232	0.002
ORF1a	2235	0.001
ORF1a	2241	0.007
ORF1a	2242	0.023
ORF1a	2246	0.003
ORF1a	2247	0.002
ORF1a	2249	0.002
ORF1a	2252	0.001
ORF1a	2254	0.003
ORF1a	2255	0.002
ORF1a	2258	0.003
ORF1a	2259	0.079
ORF1a	2260	0.001
ORF1a	2264	0.005
ORF1a	2266	0.001
ORF1a	2272	0.001
ORF1a	2273	0.018
ORF1a	2274	0.007
ORF1a	2279	0.001
ORF1a	2283	0.003
ORF1a	2285	0.005
ORF1a	2287	0.352
ORF1a	2290	0.003
ORF1a	2291	0.001
ORF1a	2293	0.006
ORF1a	2299	0.002
ORF1a	2300	0.003
ORF1a	2302	0.001
ORF1a	2303	0.072
ORF1a	2309	0.002
ORF1a	2312	0.002
ORF1a	2313	0.001
ORF1a	2317	0.014
ORF1a	2320	0.006
ORF1a	2324	0.003
ORF1a	2328	0.001
ORF1a	2329	0.001
ORF1a	2333	0.002
ORF1a	2335	0.011
ORF1a	2336	0.002
ORF1a	2344	0.005
ORF1a	2345	0.003
ORF1a	2347	0.001
ORF1a	2349	0.002
ORF1a	2352	0.003
ORF1a	2355	0.002
ORF1a	2359	0.026
ORF1a	2365	0.006
ORF1a	2371	0.001
ORF1a	2374	0.009
ORF1a	2375	0.001
ORF1a	2379	0.003
ORF1a	2380	0.001
ORF1a	2387	0.001
ORF1a	2388	0.001
ORF1a	2396	0.003
ORF1a	2398	0.001
ORF1a	2405	0.001
ORF1a	2406	0.005
ORF1a	2407	0.005
ORF1a	2413	0.002
ORF1a	2418	0.001
ORF1a	2424	0.001
ORF1a	2430	0.011
ORF1a	2432	0.002
ORF1a	2439	0.001
ORF1a	2446	0.003
ORF1a	2457	0.003
ORF1a	2459	0.005
ORF1a	2460	0.008
ORF1a	2476	0.001
ORF1a	2480	0.004
ORF1a	2483	0.004
ORF1a	2484	0.006
ORF1a	2488	0.007
ORF1a	2491	0.002
ORF1a	2492	0.002
ORF1a	2493	0.001
ORF1a	2495	0.003
ORF1a	2496	0.001
ORF1a	2497	0.005
ORF1a	2499	0.002
ORF1a	2500	0.018
ORF1a	2501	0.003
ORF1a	2502	0.001
ORF1a	2503	0.001
ORF1a	2505	0.001
ORF1a	2506	0.003
ORF1a	2508	0.001
ORF1a	2511	0.005
ORF1a	2516	0.002
ORF1a	2521	0.002
ORF1a	2529	0.295
ORF1a	2530	0.002
ORF1a	2531	0.001
ORF1a	2533	0.002
ORF1a	2537	0.038
ORF1a	2538	0.002
ORF1a	2539	0.001
ORF1a	2541	0.002
ORF1a	2547	0.001
ORF1a	2554	0.019
ORF1a	2556	0.002
ORF1a	2557	0.002
ORF1a	2564	0.001
ORF1a	2565	0.009
ORF1a	2568	0.001
ORF1a	2571	0.002
ORF1a	2574	0.005
ORF1a	2575	0.008
ORF1a	2577	0.005
ORF1a	2580	0.001
ORF1a	2582	0.002
ORF1a	2584	0.003
ORF1a	2586	0.001
ORF1a	2587	0.006
ORF1a	2588	0.007
ORF1a	2589	0.025
ORF1a	2590	0.001
ORF1a	2592	0.001
ORF1a	2596	0.001
ORF1a	2597	0.004
ORF1a	2604	0.003
ORF1a	2606	0.001
ORF1a	2607	0.005
ORF1a	2609	0.005
ORF1a	2613	0.004
ORF1a	2614	0.001
ORF1a	2615	0.001
ORF1a	2620	0.002
ORF1a	2621	0.003
ORF1a	2622	0.003
ORF1a	2624	0.001
ORF1a	2625	0.002
ORF1a	2626	0.001
ORF1a	2627	0.001
ORF1a	2628	0.001
ORF1a	2631	0.001
ORF1a	2632	0.001
ORF1a	2634	0.001
ORF1a	2639	0.015
ORF1a	2640	0.002
ORF1a	2642	0.001
ORF1a	2648	0.014
ORF1a	2659	0.004
ORF1a	2661	0.001
ORF1a	2662	0.003
ORF1a	2663	0.007
ORF1a	2665	0.001
ORF1a	2684	0.003
ORF1a	2685	0.003
ORF1a	2686	0.003
ORF1a	2688	0.004
ORF1a	2690	0.001
ORF1a	2696	0.005
ORF1a	2702	0.001
ORF1a	2715	0.001
ORF1a	2717	0.006
ORF1a	2726	0.002
ORF1a	2735	0.001
ORF1a	2739	0.001
ORF1a	2741	0.001
ORF1a	2750	0.001
ORF1a	2751	0.003
ORF1a	2757	0.001
ORF1a	2758	0.002
ORF1a	2759	0.008
ORF1a	2761	0.001
ORF1a	2766	0.001
ORF1a	2767	0.014
ORF1a	2768	0.007
ORF1a	2769	0.001
ORF1a	2770	0.004
ORF1a	2780	0.002
ORF1a	2781	0.001
ORF1a	2783	0.003
ORF1a	2785	0.002
ORF1a	2786	0.001
ORF1a	2790	0.001
ORF1a	2792	0.003
ORF1a	2794	0.003
ORF1a	2796	0.007
ORF1a	2797	0.001
ORF1a	2799	0.003
ORF1a	2800	0.002
ORF1a	2802	0.002
ORF1a	2807	0.001
ORF1a	2811	0.003
ORF1a	2816	0.001
ORF1a	2817	0.001
ORF1a	2818	0.002
ORF1a	2819	0.007
ORF1a	2822	0.021
ORF1a	2823	0.003
ORF1a	2824	0.001
ORF1a	2825	0.003
ORF1a	2828	0.001
ORF1a	2831	0.001
ORF1a	2832	0.001
ORF1a	2833	0.001
ORF1a	2836	0.025
ORF1a	2841	0.004
ORF1a	2844	0.001
ORF1a	2845	0.001
ORF1a	2846	0.001
ORF1a	2852	0.001
ORF1a	2855	0.002
ORF1a	2856	0.001
ORF1a	2859	0.002
ORF1a	2860	0.001
ORF1a	2862	0.001
ORF1a	2872	0.001
ORF1a	2873	0.001
ORF1a	2874	0.002
ORF1a	2875	0.001
ORF1a	2877	0.001
ORF1a	2883	0.002
ORF1a	2884	0.002
ORF1a	2888	0.005
ORF1a	2891	0.002
ORF1a	2892	0.024
ORF1a	2899	0.001
ORF1a	2900	0.009
ORF1a	2901	0.001
ORF1a	2906	0.008
ORF1a	2909	0.014
ORF1a	2917	0.001
ORF1a	2918	0.001
ORF1a	2920	0.006
ORF1a	2921	0.001
ORF1a	2926	0.004
ORF1a	2928	0.003
ORF1a	2929	0.006
ORF1a	2930	0.352
ORF1a	2936	0.003
ORF1a	2941	0.003
ORF1a	2944	0.005
ORF1a	2946	0.001
ORF1a	2947	0.005
ORF1a	2949	0.003
ORF1a	2952	0.003
ORF1a	2956	0.001
ORF1a	2960	0.001
ORF1a	2961	0.002
ORF1a	2966	0.002
ORF1a	2967	0.011
ORF1a	2969	0.001
ORF1a	2972	0.007
ORF1a	2980	0.004
ORF1a	2981	0.001
ORF1a	2987	0.001
ORF1a	2991	0.002
ORF1a	2994	0.007
ORF1a	2996	0.003
ORF1a	3001	0.002
ORF1a	3009	0.001
ORF1a	3010	0.001
ORF1a	3023	0.002
ORF1a	3024	0.005
ORF1a	3027	0.003
ORF1a	3028	0.001
ORF1a	3032	0.002
ORF1a	3040	0.002
ORF1a	3047	0.002
ORF1a	3056	0.001
ORF1a	3058	0.014
ORF1a	3059	0.031
ORF1a	3070	0.004
ORF1a	3072	0.003
ORF1a	3073	0.003
ORF1a	3076	0.021
ORF1a	3078	0.002
ORF1a	3079	0.002
ORF1a	3086	0.050
ORF1a	3087	0.001
ORF1a	3095	0.002
ORF1a	3099	0.031
ORF1a	3102	0.001
ORF1a	3113	0.002
ORF1a	3116	0.006
ORF1a	3117	0.002
ORF1a	3124	0.003
ORF1a	3125	0.002
ORF1a	3127	0.003
ORF1a	3129	0.003
ORF1a	3132	0.001
ORF1a	3134	0.006
ORF1a	3138	0.003
ORF1a	3140	0.002
ORF1a	3142	0.001
ORF1a	3143	0.008
ORF1a	3148	0.002
ORF1a	3158	0.003
ORF1a	3162	0.001
ORF1a	3163	0.001
ORF1a	3181	0.001
ORF1a	3189	0.002
ORF1a	3195	0.001
ORF1a	3196	0.002
ORF1a	3199	0.009
ORF1a	3201	0.002
ORF1a	3204	0.045
ORF1a	3209	0.138
ORF1a	3210	0.001
ORF1a	3220	0.002
ORF1a	3221	0.004
ORF1a	3222	0.001
ORF1a	3224	0.002
ORF1a	3229	0.005
ORF1a	3235	0.002
ORF1a	3244	0.003
ORF1a	3246	0.001
ORF1a	3248	0.003
ORF1a	3255	0.347
ORF1a	3258	0.002
ORF1a	3263	0.001
ORF1a	3267	0.001
ORF1a	3270	0.003
ORF1a	3278	0.004
ORF1a	3280	0.004
ORF1a	3284	0.004
ORF1a	3287	0.007
ORF1a	3296	0.002
ORF1a	3300	0.002
ORF1a	3308	0.001
ORF1a	3310	0.001
ORF1a	3313	0.018
ORF1a	3315	0.001
ORF1a	3319	0.001
ORF1a	3323	0.001
ORF1a	3330	0.007
ORF1a	3331	0.003
ORF1a	3336	0.001
ORF1a	3338	0.001
ORF1a	3344	0.003
ORF1a	3345	0.001
ORF1a	3346	0.001
ORF1a	3347	0.003
ORF1a	3351	0.002
ORF1a	3353	0.546
ORF1a	3356	0.001
ORF1a	3357	0.001
ORF1a	3359	0.009
ORF1a	3362	0.001
ORF1a	3367	0.001
ORF1a	3368	0.001
ORF1a	3371	0.031
ORF1a	3375	0.001
ORF1a	3382	0.001
ORF1a	3383	0.001
ORF1a	3384	0.003
ORF1a	3392	0.014
ORF1a	3393	0.003
ORF1a	3395	0.008
ORF1a	3419	0.001
ORF1a	3423	0.002
ORF1a	3425	0.003
ORF1a	3431	0.003
ORF1a	3447	0.002
ORF1a	3449	0.001
ORF1a	3453	0.001
ORF1a	3454	0.003
ORF1a	3456	0.002
ORF1a	3457	0.001
ORF1a	3461	0.003
ORF1a	3475	0.001
ORF1a	3476	0.005
ORF1a	3483	0.001
ORF1a	3487	0.001
ORF1a	3490	0.005
ORF1a	3495	0.001
ORF1a	3497	0.003
ORF1a	3504	0.002
ORF1a	3508	0.001
ORF1a	3509	0.001
ORF1a	3512	0.001
ORF1a	3514	0.001
ORF1a	3515	0.005
ORF1a	3517	0.001
ORF1a	3522	0.001
ORF1a	3523	0.039
ORF1a	3524	0.025
ORF1a	3527	0.005
ORF1a	3529	0.003
ORF1a	3536	0.005
ORF1a	3537	0.001
ORF1a	3540	0.001
ORF1a	3543	0.002
ORF1a	3544	0.003
ORF1a	3546	0.003
ORF1a	3547	0.003
ORF1a	3548	0.005
ORF1a	3559	0.001
ORF1a	3565	0.001
ORF1a	3566	0.002
ORF1a	3567	0.003
ORF1a	3570	0.001
ORF1a	3571	0.024
ORF1a	3572	0.002
ORF1a	3575	0.001
ORF1a	3576	0.005
ORF1a	3577	0.002
ORF1a	3579	0.003
ORF1a	3580	0.009
ORF1a	3581	0.003
ORF1a	3588	0.004
ORF1a	3589	0.001
ORF1a	3590	0.001
ORF1a	3593	0.004
ORF1a	3601	0.001
ORF1a	3606	0.154
ORF1a	3610	0.014
ORF1a	3613	0.009
ORF1a	3615	0.006
ORF1a	3617	0.003
ORF1a	3619	0.001
ORF1a	3620	0.001
ORF1a	3625	0.004
ORF1a	3626	0.002
ORF1a	3627	0.003
ORF1a	3641	0.002
ORF1a	3643	0.001
ORF1a	3644	0.008
ORF1a	3645	0.001
ORF1a	3646	0.353
ORF1a	3648	0.003
ORF1a	3653	0.005
ORF1a	3658	0.001
ORF1a	3660	0.001
ORF1a	3661	0.006
ORF1a	3663	0.001
ORF1a	3668	0.001
ORF1a	3670	0.001
ORF1a	3675	0.278
ORF1a	3676	0.278
ORF1a	3677	0.277
ORF1a	3685	0.011
ORF1a	3686	0.002
ORF1a	3687	0.002
ORF1a	3688	0.001
ORF1a	3691	0.001
ORF1a	3694	0.001
ORF1a	3695	0.003
ORF1a	3697	0.002
ORF1a	3704	0.002
ORF1a	3705	0.002
ORF1a	3710	0.001
ORF1a	3711	0.001
ORF1a	3712	0.003
ORF1a	3715	0.001
ORF1a	3716	0.001
ORF1a	3717	0.004
ORF1a	3718	0.141
ORF1a	3729	0.017
ORF1a	3731	0.003
ORF1a	3736	0.004
ORF1a	3738	0.002
ORF1a	3746	0.010
ORF1a	3748	0.003
ORF1a	3749	0.001
ORF1a	3750	0.109
ORF1a	3752	0.011
ORF1a	3756	0.001
ORF1a	3758	0.001
ORF1a	3759	0.003
ORF1a	3761	0.001
ORF1a	3764	0.003
ORF1a	3765	0.001
ORF1a	3766	0.009
ORF1a	3767	0.007
ORF1a	3771	0.001
ORF1a	3777	0.002
ORF1a	3781	0.009
ORF1a	3782	0.001
ORF1a	3786	0.002
ORF1a	3790	0.003
ORF1a	3796	0.002
ORF1a	3798	0.002
ORF1a	3802	0.001
ORF1a	3814	0.002
ORF1a	3818	0.001
ORF1a	3824	0.008
ORF1a	3826	0.001
ORF1a	3829	0.062
ORF1a	3832	0.004
ORF1a	3833	0.001
ORF1a	3835	0.003
ORF1a	3839	0.004
ORF1a	3842	0.001
ORF1a	3843	0.002
ORF1a	3845	0.001
ORF1a	3847	0.001
ORF1a	3851	0.001
ORF1a	3854	0.005
ORF1a	3859	0.001
ORF1a	3861	0.001
ORF1a	3862	0.001
ORF1a	3865	0.002
ORF1a	3874	0.002
ORF1a	3881	0.006
ORF1a	3883	0.005
ORF1a	3884	0.006
ORF1a	3885	0.001
ORF1a	3887	0.001
ORF1a	3889	0.001
ORF1a	3897	0.001
ORF1a	3901	0.001
ORF1a	3907	0.003
ORF1a	3911	0.003
ORF1a	3915	0.028
ORF1a	3921	0.003
ORF1a	3927	0.002
ORF1a	3934	0.006
ORF1a	3939	0.005
ORF1a	3944	0.001
ORF1a	3949	0.005
ORF1a	3950	0.001
ORF1a	3951	0.001
ORF1a	3952	0.021
ORF1a	3954	0.001
ORF1a	3955	0.001
ORF1a	3963	0.002
ORF1a	3966	0.008
ORF1a	3968	0.001
ORF1a	3969	0.010
ORF1a	3971	0.001
ORF1a	3975	0.007
ORF1a	3976	0.002
ORF1a	3979	0.007
ORF1a	3983	0.001
ORF1a	3986	0.014
ORF1a	3993	0.001
ORF1a	3995	0.004
ORF1a	3996	0.001
ORF1a	3997	0.002
ORF1a	3999	0.007
ORF1a	4005	0.001
ORF1a	4009	0.002
ORF1a	4019	0.001
ORF1a	4021	0.001
ORF1a	4023	0.001
ORF1a	4026	0.002
ORF1a	4028	0.002
ORF1a	4035	0.089
ORF1a	4044	0.003
ORF1a	4048	0.003
ORF1a	4049	0.005
ORF1a	4064	0.001
ORF1a	4065	0.014
ORF1a	4066	0.003
ORF1a	4072	0.001
ORF1a	4083	0.012
ORF1a	4087	0.020
ORF1a	4088	0.003
ORF1a	4090	0.009
ORF1a	4092	0.007
ORF1a	4098	0.001
ORF1a	4101	0.001
ORF1a	4102	0.001
ORF1a	4107	0.003
ORF1a	4116	0.007
ORF1a	4117	0.004
ORF1a	4118	0.001
ORF1a	4120	0.005
ORF1a	4126	0.001
ORF1a	4137	0.001
ORF1a	4140	0.002
ORF1a	4141	0.002
ORF1a	4145	0.001
ORF1a	4146	0.005
ORF1a	4148	0.003
ORF1a	4151	0.003
ORF1a	4156	0.002
ORF1a	4159	0.007
ORF1a	4161	0.002
ORF1a	4162	0.002
ORF1a	4164	0.002
ORF1a	4165	0.001
ORF1a	4166	0.002
ORF1a	4174	0.005
ORF1a	4175	0.004
ORF1a	4176	0.004
ORF1a	4178	0.002
ORF1a	4182	0.019
ORF1a	4189	0.001
ORF1a	4193	0.003
ORF1a	4194	0.001
ORF1a	4199	0.001
ORF1a	4200	0.001
ORF1a	4202	0.001
ORF1a	4207	0.006
ORF1a	4216	0.009
ORF1a	4220	0.004
ORF1a	4221	0.001
ORF1a	4222	0.001
ORF1a	4223	0.003
ORF1a	4230	0.001
ORF1a	4247	0.002
ORF1a	4248	0.001
ORF1a	4249	0.014
ORF1a	4265	0.002
ORF1a	4274	0.001
ORF1a	4285	0.003
ORF1a	4288	0.001
ORF1a	4302	0.002
ORF1a	4304	0.007
ORF1a	4306	0.001
ORF1a	4311	0.003
ORF1a	4316	0.001
ORF1a	4337	0.002
ORF1a	4341	0.001
ORF1a	4350	0.005
ORF1a	4353	0.001
ORF1a	4354	0.001
ORF1a	4355	0.013
ORF1a	4357	0.006
ORF1a	4364	0.005
ORF1a	4369	0.002
ORF1a	4374	0.003
ORF1a	4375	0.001
ORF1a	4377	0.001
ORF1a	4387	0.004
ORF1a	4389	0.001
ORF1a	4390	0.012
ORF1a	4391	0.001
ORF1a	4392	0.001
ORF1a	4394	0.005
ORF1a	4398	0.007
ORF1b	7	0.003
ORF1b	11	0.004
ORF1b	12	0.002
ORF1b	16	0.001
ORF1b	17	0.006
ORF1b	18	0.001
ORF1b	32	0.003
ORF1b	34	0.001
ORF1b	35	0.001
ORF1b	50	0.003
ORF1b	53	0.001
ORF1b	59	0.001
ORF1b	60	0.001
ORF1b	66	0.003
ORF1b	67	0.001
ORF1b	68	0.001
ORF1b	69	0.001
ORF1b	72	0.002
ORF1b	73	0.002
ORF1b	76	0.001
ORF1b	82	0.017
ORF1b	85	0.003
ORF1b	87	0.002
ORF1b	88	0.005
ORF1b	97	0.001
ORF1b	99	0.003
ORF1b	100	0.002
ORF1b	101	0.002
ORF1b	102	0.005
ORF1b	109	0.001
ORF1b	115	0.006
ORF1b	118	0.003
ORF1b	119	0.001
ORF1b	129	0.001
ORF1b	131	0.001
ORF1b	132	0.001
ORF1b	137	0.001
ORF1b	144	0.003
ORF1b	146	0.005
ORF1b	148	0.001
ORF1b	151	0.005
ORF1b	154	0.001
ORF1b	159	0.001
ORF1b	160	0.023
ORF1b	161	0.004
ORF1b	162	0.002
ORF1b	164	0.005
ORF1b	165	0.003
ORF1b	166	0.001
ORF1b	168	0.001
ORF1b	170	0.001
ORF1b	173	0.001
ORF1b	176	0.026
ORF1b	181	0.001
ORF1b	183	0.031
ORF1b	185	0.002
ORF1b	186	0.009
ORF1b	187	0.015
ORF1b	188	0.061
ORF1b	189	0.002
ORF1b	214	0.003
ORF1b	217	0.002
ORF1b	218	0.094
ORF1b	219	0.004
ORF1b	220	0.003
ORF1b	237	0.003
ORF1b	239	0.004
ORF1b	240	0.030
ORF1b	248	0.102
ORF1b	249	0.002
ORF1b	253	0.003
ORF1b	260	0.004
ORF1b	261	0.003
ORF1b	267	0.021
ORF1b	268	0.014
ORF1b	270	0.005
ORF1b	275	0.004
ORF1b	281	0.002
ORF1b	283	0.003
ORF1b	284	0.003
ORF1b	290	0.001
ORF1b	291	0.005
ORF1b	294	0.003
ORF1b	295	0.001
ORF1b	298	0.001
ORF1b	302	0.006
ORF1b	308	0.002
ORF1b	310	0.002
ORF1b	311	0.003
ORF1b	314	0.016
ORF1b	316	0.022
ORF1b	321	0.001
ORF1b	335	0.002
ORF1b	337	0.001
ORF1b	344	0.001
ORF1b	345	0.004
ORF1b	348	0.003
ORF1b	349	0.001
ORF1b	353	0.001
ORF1b	355	0.003
ORF1b	359	0.001
ORF1b	370	0.001
ORF1b	371	0.012
ORF1b	373	0.006
ORF1b	374	0.001
ORF1b	375	0.007
ORF1b	396	0.002
ORF1b	397	0.002
ORF1b	398	0.001
ORF1b	403	0.001
ORF1b	414	0.005
ORF1b	415	0.004
ORF1b	434	0.001
ORF1b	440	0.002
ORF1b	448	0.001
ORF1b	452	0.001
ORF1b	454	0.121
ORF1b	455	0.001
ORF1b	457	0.001
ORF1b	463	0.001
ORF1b	464	0.002
ORF1b	469	0.014
ORF1b	471	0.001
ORF1b	472	0.007
ORF1b	475	0.002
ORF1b	479	0.001
ORF1b	481	0.004
ORF1b	486	0.001
ORF1b	505	0.009
ORF1b	511	0.003
ORF1b	512	0.002
ORF1b	513	0.004
ORF1b	517	0.004
ORF1b	520	0.008
ORF1b	541	0.001
ORF1b	553	0.001
ORF1b	561	0.001
ORF1b	572	0.005
ORF1b	574	0.001
ORF1b	576	0.007
ORF1b	579	0.001
ORF1b	580	0.002
ORF1b	582	0.001
ORF1b	587	0.002
ORF1b	592	0.019
ORF1b	596	0.001
ORF1b	598	0.003
ORF1b	599	0.002
ORF1b	601	0.005
ORF1b	604	0.001
ORF1b	605	0.004
ORF1b	606	0.001
ORF1b	620	0.018
ORF1b	621	0.002
ORF1b	624	0.001
ORF1b	627	0.003
ORF1b	628	0.003
ORF1b	629	0.001
ORF1b	634	0.020
ORF1b	635	0.005
ORF1b	638	0.003
ORF1b	641	0.001
ORF1b	647	0.009
ORF1b	651	0.001
ORF1b	657	0.004
ORF1b	658	0.001
ORF1b	659	0.002
ORF1b	662	0.286
ORF1b	687	0.001
ORF1b	690	0.002
ORF1b	696	0.001
ORF1b	700	0.002
ORF1b	702	0.003
ORF1b	710	0.001
ORF1b	715	0.001
ORF1b	720	0.007
ORF1b	721	0.007
ORF1b	728	0.001
ORF1b	729	0.004
ORF1b	730	0.021
ORF1b	731	0.001
ORF1b	734	0.003
ORF1b	735	0.042
ORF1b	746	0.016
ORF1b	747	0.001
ORF1b	760	0.003
ORF1b	763	0.001
ORF1b	765	0.001
ORF1b	767	0.003
ORF1b	769	0.001
ORF1b	786	0.004
ORF1b	788	0.003
ORF1b	792	0.002
ORF1b	794	0.007
ORF1b	795	0.019
ORF1b	797	0.009
ORF1b	798	0.001
ORF1b	809	0.004
ORF1b	812	0.001
ORF1b	813	0.112
ORF1b	814	0.014
ORF1b	815	0.007
ORF1b	816	0.001
ORF1b	818	0.001
ORF1b	820	0.006
ORF1b	829	0.273
ORF1b	835	0.001
ORF1b	837	0.008
ORF1b	839	0.004
ORF1b	858	0.001
ORF1b	861	0.001
ORF1b	862	0.001
ORF1b	863	0.001
ORF1b	865	0.002
ORF1b	866	0.002
ORF1b	867	0.001
ORF1b	869	0.012
ORF1b	870	0.006
ORF1b	884	0.004
ORF1b	887	0.001
ORF1b	890	0.006
ORF1b	897	0.001
ORF1b	899	0.001
ORF1b	903	0.003
ORF1b	904	0.002
ORF1b	909	0.010
ORF1b	910	0.001
ORF1b	914	0.008
ORF1b	917	0.001
ORF1b	927	0.003
ORF1b	941	0.006
ORF1b	957	0.001
ORF1b	966	0.039
ORF1b	972	0.003
ORF1b	975	0.001
ORF1b	976	0.003
ORF1b	977	0.004
ORF1b	979	0.001
ORF1b	997	0.007
ORF1b	1000	0.285
ORF1b	1003	0.001
ORF1b	1008	0.001
ORF1b	1011	0.001
ORF1b	1021	0.009
ORF1b	1023	0.001
ORF1b	1024	0.003
ORF1b	1028	0.001
ORF1b	1031	0.003
ORF1b	1038	0.001
ORF1b	1040	0.001
ORF1b	1041	0.001
ORF1b	1047	0.026
ORF1b	1050	0.007
ORF1b	1058	0.001
ORF1b	1064	0.001
ORF1b	1074	0.008
ORF1b	1076	0.002
ORF1b	1077	0.004
ORF1b	1078	0.001
ORF1b	1080	0.002
ORF1b	1087	0.015
ORF1b	1088	0.001
ORF1b	1089	0.024
ORF1b	1092	0.004
ORF1b	1095	0.022
ORF1b	1099	0.003
ORF1b	1129	0.025
ORF1b	1133	0.001
ORF1b	1137	0.005
ORF1b	1140	0.003
ORF1b	1141	0.001
ORF1b	1143	0.001
ORF1b	1144	0.002
ORF1b	1145	0.003
ORF1b	1149	0.009
ORF1b	1154	0.001
ORF1b	1156	0.004
ORF1b	1157	0.001
ORF1b	1159	0.005
ORF1b	1161	0.001
ORF1b	1162	0.001
ORF1b	1165	0.010
ORF1b	1170	0.254
ORF1b	1171	0.003
ORF1b	1173	0.005
ORF1b	1176	0.001
ORF1b	1179	0.003
ORF1b	1181	0.002
ORF1b	1182	0.004
ORF1b	1183	0.007
ORF1b	1184	0.033
ORF1b	1189	0.002
ORF1b	1190	0.002
ORF1b	1194	0.001
ORF1b	1195	0.004
ORF1b	1197	0.009
ORF1b	1199	0.004
ORF1b	1213	0.001
ORF1b	1214	0.001
ORF1b	1219	0.009
ORF1b	1220	0.015
ORF1b	1223	0.016
ORF1b	1226	0.003
ORF1b	1230	0.001
ORF1b	1242	0.127
ORF1b	1244	0.001
ORF1b	1247	0.001
ORF1b	1248	0.003
ORF1b	1249	0.001
ORF1b	1257	0.019
ORF1b	1262	0.005
ORF1b	1264	0.033
ORF1b	1267	0.001
ORF1b	1271	0.007
ORF1b	1273	0.008
ORF1b	1274	0.012
ORF1b	1279	0.006
ORF1b	1285	0.002
ORF1b	1287	0.001
ORF1b	1288	0.024
ORF1b	1289	0.011
ORF1b	1290	0.001
ORF1b	1291	0.005
ORF1b	1292	0.001
ORF1b	1293	0.003
ORF1b	1312	0.001
ORF1b	1315	0.056
ORF1b	1325	0.003
ORF1b	1326	0.018
ORF1b	1332	0.001
ORF1b	1333	0.001
ORF1b	1336	0.003
ORF1b	1338	0.001
ORF1b	1339	0.002
ORF1b	1342	0.017
ORF1b	1352	0.002
ORF1b	1354	0.003
ORF1b	1369	0.013
ORF1b	1373	0.003
ORF1b	1377	0.003
ORF1b	1378	0.003
ORF1b	1379	0.001
ORF1b	1383	0.017
ORF1b	1387	0.001
ORF1b	1389	0.001
ORF1b	1392	0.007
ORF1b	1397	0.008
ORF1b	1400	0.005
ORF1b	1403	0.003
ORF1b	1404	0.008
ORF1b	1407	0.003
ORF1b	1408	0.003
ORF1b	1414	0.007
ORF1b	1422	0.003
ORF1b	1423	0.001
ORF1b	1427	0.033
ORF1b	1428	0.003
ORF1b	1430	0.004
ORF1b	1432	0.005
ORF1b	1441	0.022
ORF1b	1444	0.001
ORF1b	1446	0.003
ORF1b	1447	0.003
ORF1b	1452	0.004
ORF1b	1453	0.001
ORF1b	1468	0.007
ORF1b	1476	0.004
ORF1b	1488	0.001
ORF1b	1493	0.014
ORF1b	1499	0.012
ORF1b	1501	0.001
ORF1b	1502	0.001
ORF1b	1504	0.007
ORF1b	1511	0.002
ORF1b	1517	0.005
ORF1b	1520	0.001
ORF1b	1521	0.014
ORF1b	1522	0.012
ORF1b	1524	0.002
ORF1b	1525	0.005
ORF1b	1527	0.001
ORF1b	1528	0.001
ORF1b	1530	0.002
ORF1b	1537	0.001
ORF1b	1538	0.007
ORF1b	1539	0.002
ORF1b	1540	0.061
ORF1b	1546	0.002
ORF1b	1547	0.001
ORF1b	1550	0.003
ORF1b	1551	0.002
ORF1b	1555	0.003
ORF1b	1557	0.001
ORF1b	1564	0.001
ORF1b	1567	0.002
ORF1b	1568	0.001
ORF1b	1569	0.001
ORF1b	1570	0.034
ORF1b	1573	0.003
ORF1b	1574	0.001
ORF1b	1577	0.002
ORF1b	1581	0.001
ORF1b	1586	0.003
ORF1b	1591	0.002
ORF1b	1594	0.003
ORF1b	1595	0.001
ORF1b	1596	0.048
ORF1b	1598	0.001
ORF1b	1604	0.001
ORF1b	1605	0.001
ORF1b	1609	0.001
ORF1b	1615	0.001
ORF1b	1619	0.001
ORF1b	1620	0.003
ORF1b	1621	0.007
ORF1b	1631	0.001
ORF1b	1637	0.011
ORF1b	1643	0.011
ORF1b	1644	0.006
ORF1b	1649	0.001
ORF1b	1652	0.002
ORF1b	1656	0.003
ORF1b	1660	0.001
ORF1b	1662	0.003
ORF1b	1664	0.004
ORF1b	1672	0.001
ORF1b	1675	0.002
ORF1b	1677	0.005
ORF1b	1681	0.003
ORF1b	1682	0.003
ORF1b	1683	0.001
ORF1b	1686	0.001
ORF1b	1687	0.003
ORF1b	1689	0.001
ORF1b	1691	0.001
ORF1b	1693	0.004
ORF1b	1702	0.002
ORF1b	1706	0.003
ORF1b	1708	0.001
ORF1b	1711	0.001
ORF1b	1716	0.001
ORF1b	1719	0.001
ORF1b	1721	0.001
ORF1b	1727	0.008
ORF1b	1728	0.008
ORF1b	1729	0.002
ORF1b	1730	0.001
ORF1b	1737	0.001
ORF1b	1738	0.002
ORF1b	1739	0.002
ORF1b	1740	0.001
ORF1b	1743	0.001
ORF1b	1745	0.003
ORF1b	1746	0.003
ORF1b	1752	0.001
ORF1b	1759	0.001
ORF1b	1765	0.003
ORF1b	1772	0.001
ORF1b	1774	0.004
ORF1b	1779	0.007
ORF1b	1786	0.008
ORF1b	1789	0.003
ORF1b	1798	0.024
ORF1b	1805	0.001
ORF1b	1807	0.001
ORF1b	1811	0.001
ORF1b	1813	0.087
ORF1b	1824	0.002
ORF1b	1828	0.003
ORF1b	1835	0.005
ORF1b	1836	0.005
ORF1b	1840	0.015
ORF1b	1844	0.009
ORF1b	1846	0.009
ORF1b	1847	0.004
ORF1b	1848	0.021
ORF1b	1851	0.004
ORF1b	1852	0.003
ORF1b	1860	0.001
ORF1b	1866	0.001
ORF1b	1868	0.001
ORF1b	1869	0.004
ORF1b	1873	0.008
ORF1b	1875	0.001
ORF1b	1877	0.002
ORF1b	1879	0.002
ORF1b	1884	0.001
ORF1b	1890	0.001
ORF1b	1891	0.001
ORF1b	1893	0.003
ORF1b	1898	0.001
ORF1b	1899	0.003
ORF1b	1900	0.001
ORF1b	1914	0.001
ORF1b	1918	0.354
ORF1b	1933	0.005
ORF1b	1942	0.003
ORF1b	1944	0.006
ORF1b	1954	0.001
ORF1b	1956	0.002
ORF1b	1958	0.003
ORF1b	1959	0.002
ORF1b	1961	0.007
ORF1b	1967	0.066
ORF1b	1975	0.015
ORF1b	1983	0.001
ORF1b	1994	0.001
ORF1b	1995	0.001
ORF1b	1998	0.007
ORF1b	2010	0.001
ORF1b	2014	0.002
ORF1b	2017	0.013
ORF1b	2020	0.002
ORF1b	2021	0.002
ORF1b	2025	0.034
ORF1b	2028	0.003
ORF1b	2040	0.003
ORF1b	2045	0.001
ORF1b	2046	0.001
ORF1b	2048	0.001
ORF1b	2049	0.002
ORF1b	2057	0.002
ORF1b	2060	0.009
ORF1b	2061	0.002
ORF1b	2063	0.015
ORF1b	2066	0.001
ORF1b	2070	0.027
ORF1b	2073	0.031
ORF1b	2074	0.012
ORF1b	2075	0.009
ORF1b	2077	0.002
ORF1b	2078	0.001
ORF1b	2079	0.002
ORF1b	2085	0.003
ORF1b	2086	0.003
ORF1b	2088	0.003
ORF1b	2089	0.001
ORF1b	2090	0.005
ORF1b	2091	0.001
ORF1b	2092	0.002
ORF1b	2095	0.001
ORF1b	2099	0.003
ORF1b	2101	0.001
ORF1b	2111	0.002
ORF1b	2114	0.002
ORF1b	2116	0.004
ORF1b	2117	0.031
ORF1b	2118	0.001
ORF1b	2119	0.002
ORF1b	2120	0.003
ORF1b	2127	0.001
ORF1b	2131	0.003
ORF1b	2132	0.023
ORF1b	2136	0.001
ORF1b	2140	0.001
ORF1b	2141	0.001
ORF1b	2142	0.010
ORF1b	2143	0.001
ORF1b	2144	0.002
ORF1b	2145	0.001
ORF1b	2148	0.004
ORF1b	2149	0.001
ORF1b	2150	0.003
ORF1b	2154	0.001
ORF1b	2156	0.001
ORF1b	2159	0.003
ORF1b	2160	0.005
ORF1b	2162	0.035
ORF1b	2165	0.027
ORF1b	2166	0.001
ORF1b	2168	0.004
ORF1b	2169	0.015
ORF1b	2171	0.001
ORF1b	2172	0.001
ORF1b	2178	0.013
ORF1b	2179	0.003
ORF1b	2180	0.001
ORF1b	2181	0.001
ORF1b	2183	0.002
ORF1b	2188	0.004
ORF1b	2197	0.001
ORF1b	2198	0.011
ORF1b	2199	0.003
ORF1b	2205	0.003
ORF1b	2209	0.004
ORF1b	2212	0.013
ORF1b	2213	0.012
ORF1b	2216	0.005
ORF1b	2219	0.001
ORF1b	2221	0.002
ORF1b	2222	0.007
ORF1b	2223	0.018
ORF1b	2224	0.004
ORF1b	2226	0.003
ORF1b	2232	0.002
ORF1b	2236	0.002
ORF1b	2237	0.005
ORF1b	2247	0.003
ORF1b	2256	0.012
ORF1b	2257	0.008
ORF1b	2260	0.005
ORF1b	2263	0.002
ORF1b	2266	0.001
ORF1b	2268	0.003
ORF1b	2269	0.004
ORF1b	2270	0.004
ORF1b	2274	0.004
ORF1b	2285	0.020
ORF1b	2288	0.001
ORF1b	2297	0.001
ORF1b	2303	0.001
ORF1b	2308	0.006
ORF1b	2309	0.001
ORF1b	2310	0.051
ORF1b	2311	0.001
ORF1b	2312	0.006
ORF1b	2313	0.004
ORF1b	2317	0.002
ORF1b	2321	0.005
ORF1b	2322	0.002
ORF1b	2323	0.001
ORF1b	2324	0.015
ORF1b	2325	0.002
ORF1b	2326	0.002
ORF1b	2332	0.008
ORF1b	2335	0.001
ORF1b	2337	0.009
ORF1b	2338	0.008
ORF1b	2339	0.004
ORF1b	2340	0.015
ORF1b	2341	0.007
ORF1b	2345	0.003
ORF1b	2349	0.001
ORF1b	2350	0.004
ORF1b	2351	0.003
ORF1b	2352	0.001
ORF1b	2363	0.001
ORF1b	2364	0.018
ORF1b	2365	0.007
ORF1b	2367	0.006
ORF1b	2368	0.002
ORF1b	2370	0.001
ORF1b	2371	0.012
ORF1b	2376	0.002
ORF1b	2379	0.003
ORF1b	2382	0.020
ORF1b	2383	0.006
ORF1b	2388	0.003
ORF1b	2389	0.002
ORF1b	2390	0.014
ORF1b	2391	0.008
ORF1b	2394	0.032
ORF1b	2399	0.005
ORF1b	2400	0.001
ORF1b	2403	0.001
ORF1b	2406	0.010
ORF1b	2411	0.003
ORF1b	2414	0.021
ORF1b	2417	0.003
ORF1b	2420	0.002
ORF1b	2421	0.004
ORF1b	2423	0.002
ORF1b	2425	0.001
ORF1b	2429	0.005
ORF1b	2430	0.002
ORF1b	2431	0.001
ORF1b	2432	0.005
ORF1b	2435	0.001
ORF1b	2439	0.001
ORF1b	2445	0.002
ORF1b	2450	0.001
ORF1b	2453	0.013
ORF1b	2456	0.003
ORF1b	2465	0.001
ORF1b	2474	0.002
ORF1b	2475	0.001
ORF1b	2483	0.002
ORF1b	2488	0.006
ORF1b	2490	0.002
ORF1b	2495	0.001
ORF1b	2499	0.001
ORF1b	2501	0.002
ORF1b	2509	0.002
ORF1b	2510	0.004
ORF1b	2513	0.018
ORF1b	2514	0.001
ORF1b	2515	0.002
ORF1b	2523	0.004
ORF1b	2531	0.006
ORF1b	2537	0.007
ORF1b	2538	0.001
ORF1b	2541	0.001
ORF1b	2544	0.002
ORF1b	2546	0.004
ORF1b	2548	0.003
ORF1b	2554	0.002
ORF1b	2555	0.002
ORF1b	2557	0.025
ORF1b	2559	0.013
ORF1b	2560	0.007
ORF1b	2563	0.001
ORF1b	2571	0.002
ORF1b	2576	0.003
ORF1b	2579	0.005
ORF1b	2580	0.017
ORF1b	2585	0.008
ORF1b	2589	0.005
ORF1b	2592	0.002
ORF1b	2596	0.001
ORF1b	2609	0.002
ORF1b	2610	0.004
ORF1b	2612	0.541
ORF1b	2613	0.042
ORF1b	2615	0.002
ORF1b	2617	0.003
ORF1b	2619	0.002
ORF1b	2620	0.001
ORF1b	2623	0.001
ORF1b	2633	0.003
ORF1b	2634	0.002
ORF1b	2635	0.015
ORF1b	2636	0.001
ORF1b	2645	0.002
ORF1b	2646	0.001
ORF1b	2652	0.002
ORF1b	2656	0.001
ORF1b	2660	0.001
ORF1b	2666	0.001
ORF1b	2668	0.001
ORF1b	2670	0.001
ORF1b	2673	0.004
ORF1b	2676	0.007
ORF1b	2678	0.002
ORF1b	2684	0.001
ORF1b	2685	0.013
ORF1b	2689	0.001
ORF1b	2691	0.002
ORF1b	2696	0.001
ORF3a	1	0.002
ORF3a	5	0.002
ORF3a	7	0.002
ORF3a	8	0.001
ORF3a	9	0.001
ORF3a	10	0.001
ORF3a	11	0.003
ORF3a	12	0.005
ORF3a	13	0.003
ORF3a	14	0.003
ORF3a	15	0.007
ORF3a	16	0.005
ORF3a	18	0.150
ORF3a	19	0.001
ORF3a	20	0.004
ORF3a	21	0.002
ORF3a	22	0.005
ORF3a	23	0.015
ORF3a	24	0.001
ORF3a	25	0.016
ORF3a	26	0.293
ORF3a	27	0.105
ORF3a	28	0.008
ORF3a	29	0.005
ORF3a	30	0.002
ORF3a	31	0.012
ORF3a	32	0.004
ORF3a	33	0.003
ORF3a	34	0.004
ORF3a	35	0.008
ORF3a	36	0.002
ORF3a	37	0.016
ORF3a	39	0.001
ORF3a	40	0.011
ORF3a	41	0.025
ORF3a	42	0.001
ORF3a	43	0.003
ORF3a	44	0.004
ORF3a	45	0.017
ORF3a	46	0.005
ORF3a	47	0.005
ORF3a	48	0.006
ORF3a	49	0.006
ORF3a	50	0.005
ORF3a	52	0.004
ORF3a	53	0.009
ORF3a	54	0.021
ORF3a	55	0.025
ORF3a	57	0.033
ORF3a	61	0.004
ORF3a	63	0.038
ORF3a	64	0.006
ORF3a	65	0.003
ORF3a	66	0.001
ORF3a	67	0.004
ORF3a	68	0.045
ORF3a	69	0.021
ORF3a	72	0.002
ORF3a	73	0.001
ORF3a	74	0.005
ORF3a	76	0.001
ORF3a	77	0.009
ORF3a	78	0.014
ORF3a	83	0.002
ORF3a	84	0.001
ORF3a	85	0.013
ORF3a	86	0.004
ORF3a	87	0.001
ORF3a	88	0.027
ORF3a	89	0.049
ORF3a	90	0.012
ORF3a	92	0.051
ORF3a	93	0.001
ORF3a	94	0.007
ORF3a	95	0.021
ORF3a	97	0.025
ORF3a	98	0.006
ORF3a	99	0.010
ORF3a	100	0.019
ORF3a	101	0.008
ORF3a	102	0.003
ORF3a	104	0.021
ORF3a	106	0.024
ORF3a	107	0.003
ORF3a	108	0.012
ORF3a	110	0.453
ORF3a	112	0.013
ORF3a	115	0.002
ORF3a	116	0.006
ORF3a	117	0.001
ORF3a	118	0.001
ORF3a	121	0.003
ORF3a	124	0.001
ORF3a	125	0.003
ORF3a	126	0.006
ORF3a	127	0.003
ORF3a	128	0.005
ORF3a	129	0.007
ORF3a	131	0.018
ORF3a	134	0.009
ORF3a	140	0.030
ORF3a	141	0.001
ORF3a	142	0.002
ORF3a	143	0.003
ORF3a	145	0.001
ORF3a	147	0.004
ORF3a	149	0.001
ORF3a	151	0.008
ORF3a	154	0.001
ORF3a	155	0.027
ORF3a	159	0.002
ORF3a	163	0.001
ORF3a	164	0.002
ORF3a	165	0.006
ORF3a	166	0.002
ORF3a	167	0.001
ORF3a	168	0.001
ORF3a	171	0.013
ORF3a	172	0.010
ORF3a	174	0.001
ORF3a	175	0.008
ORF3a	176	0.007
ORF3a	181	0.006
ORF3a	182	0.001
ORF3a	183	0.001
ORF3a	184	0.002
ORF3a	185	0.009
ORF3a	186	0.001
ORF3a	187	0.001
ORF3a	189	0.005
ORF3a	191	0.001
ORF3a	193	0.002
ORF3a	199	0.001
ORF3a	200	0.001
ORF3a	201	0.002
ORF3a	202	0.005
ORF3a	205	0.001
ORF3a	206	0.002
ORF3a	210	0.007
ORF3a	211	0.003
ORF3a	213	0.003
ORF3a	216	0.001
ORF3a	217	0.003
ORF3a	218	0.001
ORF3a	221	0.004
ORF3a	222	0.002
ORF3a	223	0.032
ORF3a	224	0.106
ORF3a	225	0.002
ORF3a	228	0.001
ORF3a	229	0.001
ORF3a	235	0.005
ORF3a	237	0.001
ORF3a	238	0.012
ORF3a	239	0.019
ORF3a	240	0.023
ORF3a	241	0.001
ORF3a	242	0.003
ORF3a	243	0.001
ORF3a	244	0.003
ORF3a	247	0.002
ORF3a	248	0.001
ORF3a	250	0.001
ORF3a	251	0.002
ORF3a	253	0.035
ORF3a	254	0.006
ORF3a	255	0.006
ORF3a	256	0.023
ORF3a	257	0.005
ORF3a	258	0.006
ORF3a	259	0.029
ORF3a	260	0.009
ORF3a	261	0.001
ORF3a	262	0.011
ORF3a	264	0.001
ORF3a	266	0.001
ORF3a	267	0.005
ORF3a	268	0.008
ORF3a	269	0.003
ORF3a	270	0.007
ORF3a	271	0.001
ORF3a	272	0.001
ORF3a	273	0.016
ORF3a	275	0.001
ORF6	1	0.004
ORF6	2	0.008
ORF6	3	0.005
ORF6	4	0.002
ORF6	5	0.001
ORF6	6	0.009
ORF6	7	0.003
ORF6	8	0.004
ORF6	9	0.003
ORF6	10	0.002
ORF6	13	0.001
ORF6	14	0.001
ORF6	20	0.008
ORF6	21	0.014
ORF6	22	0.004
ORF6	23	0.003
ORF6	24	0.004
ORF6	25	0.005
ORF6	26	0.005
ORF6	27	0.050
ORF6	28	0.003
ORF6	29	0.003
ORF6	30	0.016
ORF6	37	0.001
ORF6	40	0.002
ORF6	41	0.006
ORF6	42	0.002
ORF6	46	0.001
ORF6	48	0.014
ORF6	49	0.003
ORF6	50	0.001
ORF6	53	0.025
ORF6	54	0.021
ORF6	55	0.006
ORF6	59	0.005
ORF6	60	0.002
ORF6	61	0.002
ORF6	62	0.001
ORF7a	2	0.001
ORF7a	3	0.002
ORF7a	4	0.003
ORF7a	5	0.012
ORF7a	6	0.002
ORF7a	9	0.004
ORF7a	10	0.002
ORF7a	11	0.015
ORF7a	12	0.001
ORF7a	14	0.003
ORF7a	16	0.007
ORF7a	17	0.001
ORF7a	20	0.001
ORF7a	22	0.007
ORF7a	23	0.002
ORF7a	24	0.011
ORF7a	25	0.002
ORF7a	26	0.001
ORF7a	28	0.018
ORF7a	31	0.001
ORF7a	32	0.044
ORF7a	34	0.018
ORF7a	37	0.002
ORF7a	38	0.035
ORF7a	39	0.006
ORF7a	40	0.001
ORF7a	41	0.004
ORF7a	42	0.004
ORF7a	43	0.001
ORF7a	44	0.001
ORF7a	45	0.071
ORF7a	46	0.042
ORF7a	47	0.003
ORF7a	48	0.003
ORF7a	49	0.003
ORF7a	50	0.001
ORF7a	52	0.004
ORF7a	53	0.001
ORF7a	54	0.004
ORF7a	55	0.042
ORF7a	56	0.029
ORF7a	57	0.028
ORF7a	58	0.038
ORF7a	59	0.030
ORF7a	60	0.053
ORF7a	61	0.038
ORF7a	62	0.011
ORF7a	63	0.027
ORF7a	64	0.052
ORF7a	65	0.023
ORF7a	66	0.032
ORF7a	67	0.033
ORF7a	68	0.035
ORF7a	69	0.029
ORF7a	70	0.029
ORF7a	71	0.084
ORF7a	72	0.021
ORF7a	73	0.023
ORF7a	74	0.022
ORF7a	75	0.018
ORF7a	76	0.022
ORF7a	77	0.020
ORF7a	78	0.012
ORF7a	79	0.004
ORF7a	80	0.008
ORF7a	81	0.003
ORF7a	82	0.343
ORF7a	83	0.007
ORF7a	84	0.037
ORF7a	88	0.001
ORF7a	89	0.004
ORF7a	90	0.006
ORF7a	91	0.002
ORF7a	93	0.016
ORF7a	94	0.014
ORF7a	95	0.001
ORF7a	96	0.003
ORF7a	97	0.004
ORF7a	98	0.007
ORF7a	99	0.018
ORF7a	100	0.002
ORF7a	101	0.004
ORF7a	102	0.001
ORF7a	103	0.002
ORF7a	104	0.034
ORF7a	105	0.003
ORF7a	106	0.004
ORF7a	107	0.002
ORF7a	108	0.002
ORF7a	109	0.004
ORF7a	110	0.013
ORF7a	111	0.003
ORF7a	112	0.002
ORF7a	113	0.009
ORF7a	114	0.005
ORF7a	115	0.007
ORF7a	116	0.051
ORF7a	117	0.001
ORF7a	118	0.158
ORF7a	119	0.013
ORF7a	120	0.288
ORF7a	121	0.004
ORF7a	122	0.003
ORF7b	1	0.004
ORF7b	2	0.002
ORF7b	3	0.002
ORF7b	4	0.001
ORF7b	5	0.012
ORF7b	6	0.003
ORF7b	9	0.004
ORF7b	10	0.001
ORF7b	11	0.001
ORF7b	13	0.002
ORF7b	14	0.014
ORF7b	15	0.004
ORF7b	16	0.005
ORF7b	20	0.012
ORF7b	24	0.001
ORF7b	26	0.003
ORF7b	27	0.002
ORF7b	29	0.004
ORF7b	31	0.014
ORF7b	32	0.026
ORF7b	37	0.004
ORF7b	39	0.003
ORF7b	40	0.350
ORF7b	41	0.001
ORF7b	42	0.040
ORF7b	43	0.034
ORF7b	44	0.053
ORF8	1	0.004
ORF8	2	0.002
ORF8	3	0.001
ORF8	4	0.003
ORF8	5	0.003
ORF8	7	0.003
ORF8	8	0.016
ORF8	9	0.001
ORF8	10	0.002
ORF8	11	0.018
ORF8	13	0.003
ORF8	16	0.001
ORF8	17	0.002
ORF8	18	0.003
ORF8	20	0.001
ORF8	21	0.008
ORF8	22	0.002
ORF8	23	0.001
ORF8	24	0.001
ORF8	25	0.011
ORF8	27	0.265
ORF8	30	0.008
ORF8	31	0.001
ORF8	32	0.042
ORF8	33	0.002
ORF8	35	0.004
ORF8	36	0.014
ORF8	37	0.007
ORF8	38	0.024
ORF8	39	0.005
ORF8	42	0.001
ORF8	43	0.001
ORF8	45	0.068
ORF8	46	0.002
ORF8	49	0.001
ORF8	51	0.011
ORF8	52	0.262
ORF8	54	0.085
ORF8	55	0.011
ORF8	58	0.001
ORF8	59	0.021
ORF8	60	0.014
ORF8	62	0.023
ORF8	63	0.014
ORF8	64	0.012
ORF8	65	0.105
ORF8	66	0.006
ORF8	67	0.027
ORF8	68	0.158
ORF8	69	0.006
ORF8	70	0.003
ORF8	71	0.005
ORF8	72	0.019
ORF8	73	0.260
ORF8	75	0.002
ORF8	76	0.005
ORF8	77	0.002
ORF8	80	0.001
ORF8	83	0.001
ORF8	84	0.003
ORF8	85	0.027
ORF8	87	0.005
ORF8	88	0.002
ORF8	91	0.002
ORF8	92	0.031
ORF8	95	0.008
ORF8	99	0.001
ORF8	100	0.009
ORF8	102	0.045
ORF8	105	0.009
ORF8	106	0.073
ORF8	108	0.001
ORF8	110	0.004
ORF8	115	0.041
ORF8	117	0.004
ORF8	118	0.023
ORF8	119	0.287
ORF8	120	0.005
ORF8	121	0.089
ORF9b	2	0.002
ORF9b	3	0.126
ORF9b	5	0.001
ORF9b	6	0.287
ORF9b	7	0.005
ORF9b	8	0.003
ORF9b	9	0.030
ORF9b	10	0.017
ORF9b	11	0.003
ORF9b	13	0.002
ORF9b	15	0.007
ORF9b	16	0.003
ORF9b	20	0.001
ORF9b	22	0.001
ORF9b	23	0.002
ORF9b	24	0.003
ORF9b	25	0.001
ORF9b	27	0.002
ORF9b	28	0.001
ORF9b	29	0.021
ORF9b	30	0.009
ORF9b	32	0.020
ORF9b	33	0.001
ORF9b	35	0.003
ORF9b	38	0.012
ORF9b	39	0.001
ORF9b	40	0.005
ORF9b	41	0.001
ORF9b	42	0.001
ORF9b	50	0.005
ORF9b	51	0.003
ORF9b	54	0.001
ORF9b	57	0.002
ORF9b	60	0.287
ORF9b	62	0.001
ORF9b	64	0.001
ORF9b	72	0.003
ORF9b	74	0.001
ORF9b	76	0.001
ORF9b	77	0.033
ORF9b	78	0.009
ORF9b	83	0.012
ORF9b	86	0.011
ORF9b	90	0.001
ORF9b	92	0.001
ORF9b	98	0.002
S	3	0.001
S	5	0.099
S	6	0.001
S	7	0.001
S	8	0.114
S	9	0.001
S	11	0.001
S	12	0.008
S	13	0.002
S	14	0.084
S	15	0.004
S	16	0.011
S	18	0.042
S	19	0.293
S	20	0.035
S	21	0.015
S	22	0.005
S	23	0.003
S	24	0.001
S	25	0.012
S	26	0.034
S	27	0.028
S	28	0.001
S	29	0.014
S	33	0.006
S	35	0.003
S	45	0.001
S	46	0.001
S	47	0.002
S	49	0.026
S	50	0.001
S	51	0.007
S	52	0.008
S	53	0.003
S	54	0.018
S	62	0.002
S	64	0.001
S	66	0.003
S	67	0.017
S	68	0.004
S	69	0.272
S	70	0.003
S	72	0.005
S	73	0.007
S	75	0.015
S	76	0.003
S	77	0.053
S	78	0.020
S	80	0.028
S	83	0.015
S	84	0.001
S	88	0.001
S	90	0.025
S	94	0.002
S	95	0.684
S	96	0.002
S	97	0.009
S	98	0.014
S	100	0.011
S	102	0.001
S	105	0.003
S	112	0.011
S	118	0.003
S	120	0.001
S	123	0.001
S	124	0.001
S	128	0.010
S	132	0.004
S	136	0.003
S	138	0.026
S	140	0.003
S	141	0.004
S	142	0.337
S	145	0.023
S	148	0.007
S	149	0.004
S	150	0.002
S	151	0.005
S	152	0.007
S	153	0.016
S	154	0.002
S	155	0.009
S	156	0.005
S	157	0.314
S	158	0.003
S	163	0.002
S	170	0.001
S	171	0.002
S	172	0.001
S	173	0.008
S	174	0.003
S	177	0.021
S	178	0.006
S	180	0.004
S	181	0.065
S	185	0.004
S	190	0.031
S	193	0.001
S	197	0.001
S	198	0.001
S	199	0.001
S	200	0.001
S	201	0.001
S	208	0.002
S	213	0.001
S	214	0.019
S	215	0.008
S	216	0.004
S	218	0.110
S	220	0.001
S	222	0.129
S	224	0.001
S	227	0.001
S	228	0.001
S	229	0.002
S	232	0.001
S	235	0.001
S	237	0.005
S	240	0.009
S	241	0.006
S	242	0.006
S	243	0.005
S	244	0.004
S	245	0.003
S	246	0.001
S	248	0.007
S	250	0.010
S	251	0.073
S	253	0.008
S	254	0.003
S	255	0.053
S	256	0.005
S	257	0.003
S	258	0.035
S	259	0.003
S	260	0.001
S	261	0.011
S	262	0.006
S	263	0.001
S	264	0.001
S	267	0.004
S	273	0.008
S	279	0.001
S	282	0.001
S	287	0.001
S	288	0.002
S	289	0.008
S	299	0.011
S	303	0.001
S	306	0.002
S	307	0.018
S	308	0.004
S	309	0.001
S	321	0.002
S	323	0.004
S	330	0.003
S	337	0.003
S	339	0.019
S	340	0.002
S	344	0.002
S	346	0.017
S	352	0.005
S	354	0.004
S	356	0.001
S	362	0.002
S	367	0.001
S	374	0.001
S	375	0.003
S	378	0.002
S	384	0.003
S	397	0.001
S	401	0.003
S	403	0.004
S	408	0.001
S	410	0.010
S	411	0.014
S	414	0.006
S	417	0.062
S	419	0.001
S	420	0.001
S	427	0.002
S	435	0.001
S	439	0.002
S	440	0.003
S	444	0.004
S	446	0.011
S	448	0.001
S	449	0.003
S	450	0.001
S	452	0.286
S	455	0.004
S	457	0.001
S	458	0.003
S	470	0.006
S	474	0.002
S	475	0.002
S	476	0.003
S	477	0.006
S	478	0.286
S	479	0.004
S	481	0.001
S	483	0.009
S	484	0.059
S	490	0.007
S	494	0.008
S	501	0.282
S	507	0.001
S	508	0.002
S	511	0.001
S	514	0.004
S	517	0.003
S	519	0.001
S	520	0.004
S	521	0.001
S	522	0.016
S	525	0.001
S	532	0.001
S	534	0.001
S	535	0.002
S	544	0.001
S	547	0.014
S	549	0.001
S	551	0.002
S	553	0.001
S	554	0.001
S	558	0.008
S	561	0.002
S	565	0.004
S	570	0.266
S	572	0.014
S	573	0.005
S	574	0.088
S	575	0.008
S	583	0.007
S	588	0.003
S	608	0.001
S	613	0.020
S	614	0.004
S	615	0.018
S	621	0.004
S	622	0.005
S	623	0.006
S	627	0.001
S	628	0.003
S	631	0.003
S	635	0.001
S	638	0.001
S	640	0.011
S	641	0.015
S	642	0.001
S	646	0.002
S	647	0.004
S	653	0.002
S	654	0.027
S	655	0.048
S	658	0.007
S	660	0.001
S	661	0.001
S	672	0.003
S	675	0.009
S	676	0.004
S	677	0.040
S	678	0.013
S	680	0.025
S	681	0.308
S	683	0.001
S	684	0.001
S	687	0.009
S	688	0.048
S	689	0.003
S	694	0.002
S	698	0.002
S	699	0.001
S	701	0.014
S	704	0.005
S	706	0.007
S	708	0.001
S	709	0.010
S	714	0.005
S	716	0.260
S	719	0.012
S	723	0.001
S	724	0.007
S	726	0.003
S	728	0.001
S	729	0.001
S	730	0.002
S	731	0.001
S	732	0.001
S	735	0.001
S	739	0.001
S	745	0.001
S	747	0.002
S	752	0.001
S	761	0.003
S	765	0.006
S	769	0.001
S	771	0.003
S	778	0.001
S	779	0.001
S	780	0.002
S	783	0.002
S	786	0.001
S	790	0.001
S	791	0.003
S	792	0.001
S	793	0.002
S	795	0.007
S	796	0.006
S	807	0.002
S	808	0.001
S	809	0.001
S	812	0.015
S	818	0.003
S	825	0.003
S	829	0.001
S	830	0.014
S	831	0.001
S	833	0.001
S	835	0.001
S	836	0.004
S	839	0.021
S	844	0.001
S	845	0.013
S	846	0.015
S	847	0.003
S	850	0.003
S	853	0.001
S	854	0.034
S	859	0.009
S	867	0.001
S	869	0.002
S	871	0.004
S	876	0.011
S	879	0.011
S	883	0.001
S	884	0.002
S	886	0.002
S	888	0.008
S	891	0.001
S	892	0.007
S	896	0.002
S	899	0.001
S	900	0.001
S	903	0.001
S	909	0.001
S	918	0.001
S	922	0.001
S	929	0.008
S	932	0.007
S	936	0.013
S	937	0.003
S	938	0.004
S	939	0.010
S	940	0.004
S	942	0.003
S	950	0.283
S	957	0.001
S	963	0.001
S	974	0.001
S	975	0.001
S	977	0.001
S	978	0.001
S	979	0.007
S	980	0.001
S	981	0.003
S	982	0.260
S	984	0.002
S	987	0.001
S	988	0.001
S	993	0.003
S	994	0.002
S	995	0.001
S	996	0.001
S	997	0.001
S	1001	0.003
S	1002	0.001
S	1004	0.001
S	1005	0.003
S	1006	0.001
S	1007	0.001
S	1008	0.001
S	1009	0.002
S	1012	0.004
S	1014	0.002
S	1018	0.001
S	1020	0.015
S	1024	0.003
S	1026	0.041
S	1027	0.043
S	1040	0.002
S	1045	0.009
S	1058	0.001
S	1063	0.009
S	1065	0.019
S	1068	0.001
S	1070	0.009
S	1073	0.005
S	1074	0.017
S	1077	0.001
S	1078	0.016
S	1079	0.003
S	1084	0.002
S	1085	0.003
S	1087	0.048
S	1091	0.007
S	1092	0.002
S	1099	0.002
S	1101	0.016
S	1104	0.112
S	1107	0.002
S	1112	0.001
S	1113	0.001
S	1114	0.004
S	1117	0.002
S	1118	0.268
S	1122	0.011
S	1124	0.031
S	1127	0.038
S	1128	0.001
S	1133	0.002
S	1139	0.026
S	1141	0.022
S	1144	0.007
S	1146	0.001
S	1149	0.001
S	1150	0.003
S	1151	0.003
S	1152	0.002
S	1153	0.005
S	1154	0.001
S	1159	0.003
S	1162	0.024
S	1163	0.012
S	1165	0.003
S	1167	0.004
S	1168	0.002
S	1171	0.004
S	1174	0.008
S	1176	0.032
S	1177	0.006
S	1178	0.001
S	1180	0.002
S	1188	0.001
S	1191	0.003
S	1192	0.001
S	1195	0.010
S	1197	0.001
S	1198	0.001
S	1199	0.005
S	1200	0.013
S	1201	0.006
S	1203	0.003
S	1205	0.003
S	1207	0.027
S	1208	0.002
S	1209	0.001
S	1219	0.029
S	1222	0.003
S	1228	0.015
S	1229	0.035
S	1232	0.003
S	1233	0.010
S	1234	0.006
S	1235	0.006
S	1237	0.018
S	1238	0.001
S	1240	0.001
S	1241	0.001
S	1242	0.004
S	1243	0.003
S	1244	0.001
S	1247	0.008
S	1248	0.005
S	1252	0.001
S	1253	0.009
S	1255	0.003
S	1259	0.004
S	1260	0.049
S	1261	0.011
S	1263	0.002
S	1264	0.007
S	1265	0.003
S	1266	0.007
S	1268	0.001
S	1273	0.001